title,description,completed,due_date,created_at,created_by
Task É,This is the description for Task É,False,2024-03-09T00:00:00+00:00,2023-08-14T09:00:00+00:00,UserF
Task Ê,This is the description for Task Ê,True,2024-03-10T00:00:00+00:00,2023-08-14T10:00:00+00:00,UserG
Task Ë,This is the description for Task Ë,False,2024-03-11T00:00:00+00:00,2023-08-14T11:00:00+00:00,UserA
Task Ì,This is the description for Task Ì,True,2024-03-12T00:00:00+00:00,2023-08-14T12:00:00+00:00,UserB
Task Í,This is the description for Task Í,False,2024-03-13T00:00:00+00:00,2023-08-14T13:00:00+00:00,UserC
Task Î,This is the description for Task Î,True,2024-03-14T00:00:00+00:00,2023-08-14T14:00:00+00:00,UserD
Task Ï,This is the description for Task Ï,False,2024-03-15T00:00:00+00:00,2023-08-14T15:00:00+00:00,UserE
Task Ð,This is the description for Task Ð,True,2024-03-16T00:00:00+00:00,2023-08-14T16:00:00+00:00,UserF
Task Ñ,This is the description for Task Ñ,False,2024-03-17T00:00:00+00:00,2023-08-14T17:00:00+00:00,UserG
Task Ò,This is the description for Task Ò,True,2024-03-18T00:00:00+00:00,2023-08-14T18:00:00+00:00,UserA
Task Ó,This is the description for Task Ó,False,2024-03-19T00:00:00+00:00,2023-08-14T19:00:00+00:00,UserB
Task Ô,This is the description for Task Ô,True,2024-03-20T00:00:00+00:00,2023-08-14T20:00:00+00:00,UserC
Task Õ,This is the description for Task Õ,False,2024-03-21T00:00:00+00:00,2023-08-14T21:00:00+00:00,UserD
Task Ö,This is the description for Task Ö,True,2024-03-22T00:00:00+00:00,2023-08-14T22:00:00+00:00,UserE
Task ×,This is the description for Task ×,False,2024-03-23T00:00:00+00:00,2023-08-14T23:00:00+00:00,UserF
Task Ø,This is the description for Task Ø,True,2024-03-24T00:00:00+00:00,2023-08-15T00:00:00+00:00,UserG
Task Ù,This is the description for Task Ù,False,2024-03-25T00:00:00+00:00,2023-08-15T01:00:00+00:00,UserA
Task Ú,This is the description for Task Ú,True,2024-03-26T00:00:00+00:00,2023-08-15T02:00:00+00:00,UserB
Task Û,This is the description for Task Û,False,2024-03-27T00:00:00+00:00,2023-08-15T03:00:00+00:00,UserC
Task Ü,This is the description for Task Ü,True,2024-03-28T00:00:00+00:00,2023-08-15T04:00:00+00:00,UserD
Task Ý,This is the description for Task Ý,False,2024-03-29T00:00:00+00:00,2023-08-15T05:00:00+00:00,UserE
Task Þ,This is the description for Task Þ,True,2024-03-30T00:00:00+00:00,2023-08-15T06:00:00+00:00,UserF
Task ß,This is the description for Task ß,False,2024-03-31T00:00:00+00:00,2023-08-15T07:00:00+00:00,UserG
Task à,This is the description for Task à,True,2024-04-01T00:00:00+00:00,2023-08-15T08:00:00+00:00,UserA
Task á,This is the description for Task á,False,2024-04-02T00:00:00+00:00,2023-08-15T09:00:00+00:00,UserB
Task â,This is the description for Task â,True,2024-04-03T00:00:00+00:00,2023-08-15T10:00:00+00:00,UserC
Task ã,This is the description for Task ã,False,2024-04-04T00:00:00+00:00,2023-08-15T11:00:00+00:00,UserD
Task ä,This is the description for Task ä,True,2024-04-05T00:00:00+00:00,2023-08-15T12:00:00+00:00,UserE
Task å,This is the description for Task å,False,2024-04-06T00:00:00+00:00,2023-08-15T13:00:00+00:00,UserF
Task æ,This is the description for Task æ,True,2024-04-07T00:00:00+00:00,2023-08-15T14:00:00+00:00,UserG
Task ç,This is the description for Task ç,False,2024-04-08T00:00:00+00:00,2023-08-15T15:00:00+00:00,UserA
Task è,This is the description for Task è,True,2024-04-09T00:00:00+00:00,2023-08-15T16:00:00+00:00,UserB
Task é,This is the description for Task é,False,2024-04-10T00:00:00+00:00,2023-08-15T17:00:00+00:00,UserC
Task ê,This is the description for Task ê,True,2024-04-11T00:00:00+00:00,2023-08-15T18:00:00+00:00,UserD
Task ë,This is the description for Task ë,False,2024-04-12T00:00:00+00:00,2023-08-15T19:00:00+00:00,UserE
Task ì,This is the description for Task ì,True,2024-04-13T00:00:00+00:00,2023-08-15T20:00:00+00:00,UserF
Task í,This is the description for Task í,False,2024-04-14T00:00:00+00:00,2023-08-15T21:00:00+00:00,UserG
Task î,This is the description for Task î,True,2024-04-15T00:00:00+00:00,2023-08-15T22:00:00+00:00,UserA
Task ï,This is the description for Task ï,False,2024-04-16T00:00:00+00:00,2023-08-15T23:00:00+00:00,UserB
Task ð,This is the description for Task ð,True,2024-04-17T00:00:00+00:00,2023-08-16T00:00:00+00:00,UserC
Task ñ,This is the description for Task ñ,False,2024-04-18T00:00:00+00:00,2023-08-16T01:00:00+00:00,UserD
Task ò,This is the description for Task ò,True,2024-04-19T00:00:00+00:00,2023-08-16T02:00:00+00:00,UserE
Task ó,This is the description for Task ó,False,2024-04-20T00:00:00+00:00,2023-08-16T03:00:00+00:00,UserF
Task ô,This is the description for Task ô,True,2024-04-21T00:00:00+00:00,2023-08-16T04:00:00+00:00,UserG
Task õ,This is the description for Task õ,False,2024-04-22T00:00:00+00:00,2023-08-16T05:00:00+00:00,UserA
Task ö,This is the description for Task ö,True,2024-04-23T00:00:00+00:00,2023-08-16T06:00:00+00:00,UserB
Task ÷,This is the description for Task ÷,False,2024-04-24T00:00:00+00:00,2023-08-16T07:00:00+00:00,UserC
Task ø,This is the description for Task ø,True,2024-04-25T00:00:00+00:00,2023-08-16T08:00:00+00:00,UserD
Task ù,This is the description for Task ù,False,2024-04-26T00:00:00+00:00,2023-08-16T09:00:00+00:00,UserE
Task ú,This is the description for Task ú,True,2024-04-27T00:00:00+00:00,2023-08-16T10:00:00+00:00,UserF
Task û,This is the description for Task û,False,2024-04-28T00:00:00+00:00,2023-08-16T11:00:00+00:00,UserG
Task ü,This is the description for Task ü,True,2024-04-29T00:00:00+00:00,2023-08-16T12:00:00+00:00,UserA
Task ý,This is the description for Task ý,False,2024-04-30T00:00:00+00:00,2023-08-16T13:00:00+00:00,UserB
Task þ,This is the description for Task þ,True,2024-05-01T00:00:00+00:00,2023-08-16T14:00:00+00:00,UserC
Task ÿ,This is the description for Task ÿ,False,2024-05-02T00:00:00+00:00,2023-08-16T15:00:00+00:00,UserD
Task Ā,This is the description for Task Ā,True,2024-05-03T00:00:00+00:00,2023-08-16T16:00:00+00:00,UserE
Task ā,This is the description for Task ā,False,2024-05-04T00:00:00+00:00,2023-08-16T17:00:00+00:00,UserF
Task Ă,This is the description for Task Ă,True,2024-05-05T00:00:00+00:00,2023-08-16T18:00:00+00:00,UserG
Task ă,This is the description for Task ă,False,2024-05-06T00:00:00+00:00,2023-08-16T19:00:00+00:00,UserA
Task Ą,This is the description for Task Ą,True,2024-05-07T00:00:00+00:00,2023-08-16T20:00:00+00:00,UserB
Task ą,This is the description for Task ą,False,2024-05-08T00:00:00+00:00,2023-08-16T21:00:00+00:00,UserC
Task Ć,This is the description for Task Ć,True,2024-05-09T00:00:00+00:00,2023-08-16T22:00:00+00:00,UserD
Task ć,This is the description for Task ć,False,2024-05-10T00:00:00+00:00,2023-08-16T23:00:00+00:00,UserE
Task Ĉ,This is the description for Task Ĉ,True,2024-05-11T00:00:00+00:00,2023-08-17T00:00:00+00:00,UserF
Task ĉ,This is the description for Task ĉ,False,2024-05-12T00:00:00+00:00,2023-08-17T01:00:00+00:00,UserG
Task Ċ,This is the description for Task Ċ,True,2024-05-13T00:00:00+00:00,2023-08-17T02:00:00+00:00,UserA
Task ċ,This is the description for Task ċ,False,2024-05-14T00:00:00+00:00,2023-08-17T03:00:00+00:00,UserB
Task Č,This is the description for Task Č,True,2024-05-15T00:00:00+00:00,2023-08-17T04:00:00+00:00,UserC
Task č,This is the description for Task č,False,2024-05-16T00:00:00+00:00,2023-08-17T05:00:00+00:00,UserD
Task Ď,This is the description for Task Ď,True,2024-05-17T00:00:00+00:00,2023-08-17T06:00:00+00:00,UserE
Task ď,This is the description for Task ď,False,2024-05-18T00:00:00+00:00,2023-08-17T07:00:00+00:00,UserF
Task Đ,This is the description for Task Đ,True,2024-05-19T00:00:00+00:00,2023-08-17T08:00:00+00:00,UserG
Task đ,This is the description for Task đ,False,2024-05-20T00:00:00+00:00,2023-08-17T09:00:00+00:00,UserA
Task Ē,This is the description for Task Ē,True,2024-05-21T00:00:00+00:00,2023-08-17T10:00:00+00:00,UserB
Task ē,This is the description for Task ē,False,2024-05-22T00:00:00+00:00,2023-08-17T11:00:00+00:00,UserC
Task Ĕ,This is the description for Task Ĕ,True,2024-05-23T00:00:00+00:00,2023-08-17T12:00:00+00:00,UserD
Task ĕ,This is the description for Task ĕ,False,2024-05-24T00:00:00+00:00,2023-08-17T13:00:00+00:00,UserE
Task Ė,This is the description for Task Ė,True,2024-05-25T00:00:00+00:00,2023-08-17T14:00:00+00:00,UserF
Task ė,This is the description for Task ė,False,2024-05-26T00:00:00+00:00,2023-08-17T15:00:00+00:00,UserG
Task Ę,This is the description for Task Ę,True,2024-05-27T00:00:00+00:00,2023-08-17T16:00:00+00:00,UserA
Task ę,This is the description for Task ę,False,2024-05-28T00:00:00+00:00,2023-08-17T17:00:00+00:00,UserB
Task Ě,This is the description for Task Ě,True,2024-05-29T00:00:00+00:00,2023-08-17T18:00:00+00:00,UserC
Task ě,This is the description for Task ě,False,2024-05-30T00:00:00+00:00,2023-08-17T19:00:00+00:00,UserD
Task Ĝ,This is the description for Task Ĝ,True,2024-05-31T00:00:00+00:00,2023-08-17T20:00:00+00:00,UserE
Task ĝ,This is the description for Task ĝ,False,2024-06-01T00:00:00+00:00,2023-08-17T21:00:00+00:00,UserF
Task Ğ,This is the description for Task Ğ,True,2024-06-02T00:00:00+00:00,2023-08-17T22:00:00+00:00,UserG
Task ğ,This is the description for Task ğ,False,2024-06-03T00:00:00+00:00,2023-08-17T23:00:00+00:00,UserA
Task Ġ,This is the description for Task Ġ,True,2024-06-04T00:00:00+00:00,2023-08-18T00:00:00+00:00,UserB
Task ġ,This is the description for Task ġ,False,2024-06-05T00:00:00+00:00,2023-08-18T01:00:00+00:00,UserC
Task Ģ,This is the description for Task Ģ,True,2024-06-06T00:00:00+00:00,2023-08-18T02:00:00+00:00,UserD
Task ģ,This is the description for Task ģ,False,2024-06-07T00:00:00+00:00,2023-08-18T03:00:00+00:00,UserE
Task Ĥ,This is the description for Task Ĥ,True,2024-06-08T00:00:00+00:00,2023-08-18T04:00:00+00:00,UserF
Task ĥ,This is the description for Task ĥ,False,2024-06-09T00:00:00+00:00,2023-08-18T05:00:00+00:00,UserG
Task Ħ,This is the description for Task Ħ,True,2024-06-10T00:00:00+00:00,2023-08-18T06:00:00+00:00,UserA
Task ħ,This is the description for Task ħ,False,2024-06-11T00:00:00+00:00,2023-08-18T07:00:00+00:00,UserB
Task Ĩ,This is the description for Task Ĩ,True,2024-06-12T00:00:00+00:00,2023-08-18T08:00:00+00:00,UserC
Task ĩ,This is the description for Task ĩ,False,2024-06-13T00:00:00+00:00,2023-08-18T09:00:00+00:00,UserD
Task Ī,This is the description for Task Ī,True,2024-06-14T00:00:00+00:00,2023-08-18T10:00:00+00:00,UserE
Task ī,This is the description for Task ī,False,2024-06-15T00:00:00+00:00,2023-08-18T11:00:00+00:00,UserF
Task Ĭ,This is the description for Task Ĭ,True,2024-06-16T00:00:00+00:00,2023-08-18T12:00:00+00:00,UserG
Task ĭ,This is the description for Task ĭ,False,2024-06-17T00:00:00+00:00,2023-08-18T13:00:00+00:00,UserA
Task Į,This is the description for Task Į,True,2024-06-18T00:00:00+00:00,2023-08-18T14:00:00+00:00,UserB
Task į,This is the description for Task į,False,2024-06-19T00:00:00+00:00,2023-08-18T15:00:00+00:00,UserC
Task İ,This is the description for Task İ,True,2024-06-20T00:00:00+00:00,2023-08-18T16:00:00+00:00,UserD
Task ı,This is the description for Task ı,False,2024-06-21T00:00:00+00:00,2023-08-18T17:00:00+00:00,UserE
Task Ĳ,This is the description for Task Ĳ,True,2024-06-22T00:00:00+00:00,2023-08-18T18:00:00+00:00,UserF
Task ĳ,This is the description for Task ĳ,False,2024-06-23T00:00:00+00:00,2023-08-18T19:00:00+00:00,UserG
Task Ĵ,This is the description for Task Ĵ,True,2024-06-24T00:00:00+00:00,2023-08-18T20:00:00+00:00,UserA
Task ĵ,This is the description for Task ĵ,False,2024-06-25T00:00:00+00:00,2023-08-18T21:00:00+00:00,UserB
Task Ķ,This is the description for Task Ķ,True,2024-06-26T00:00:00+00:00,2023-08-18T22:00:00+00:00,UserC
Task ķ,This is the description for Task ķ,False,2024-06-27T00:00:00+00:00,2023-08-18T23:00:00+00:00,UserD
Task ĸ,This is the description for Task ĸ,True,2024-06-28T00:00:00+00:00,2023-08-19T00:00:00+00:00,UserE
Task Ĺ,This is the description for Task Ĺ,False,2024-06-29T00:00:00+00:00,2023-08-19T01:00:00+00:00,UserF
Task ĺ,This is the description for Task ĺ,True,2024-06-30T00:00:00+00:00,2023-08-19T02:00:00+00:00,UserG
Task Ļ,This is the description for Task Ļ,False,2024-07-01T00:00:00+00:00,2023-08-19T03:00:00+00:00,UserA
Task ļ,This is the description for Task ļ,True,2024-07-02T00:00:00+00:00,2023-08-19T04:00:00+00:00,UserB
Task Ľ,This is the description for Task Ľ,False,2024-07-03T00:00:00+00:00,2023-08-19T05:00:00+00:00,UserC
Task ľ,This is the description for Task ľ,True,2024-07-04T00:00:00+00:00,2023-08-19T06:00:00+00:00,UserD
Task Ŀ,This is the description for Task Ŀ,False,2024-07-05T00:00:00+00:00,2023-08-19T07:00:00+00:00,UserE
Task ŀ,This is the description for Task ŀ,True,2024-07-06T00:00:00+00:00,2023-08-19T08:00:00+00:00,UserF
Task Ł,This is the description for Task Ł,False,2024-07-07T00:00:00+00:00,2023-08-19T09:00:00+00:00,UserG
Task ł,This is the description for Task ł,True,2024-07-08T00:00:00+00:00,2023-08-19T10:00:00+00:00,UserA
Task Ń,This is the description for Task Ń,False,2024-07-09T00:00:00+00:00,2023-08-19T11:00:00+00:00,UserB
Task ń,This is the description for Task ń,True,2024-07-10T00:00:00+00:00,2023-08-19T12:00:00+00:00,UserC
Task Ņ,This is the description for Task Ņ,False,2024-07-11T00:00:00+00:00,2023-08-19T13:00:00+00:00,UserD
Task ņ,This is the description for Task ņ,True,2024-07-12T00:00:00+00:00,2023-08-19T14:00:00+00:00,UserE
Task Ň,This is the description for Task Ň,False,2024-07-13T00:00:00+00:00,2023-08-19T15:00:00+00:00,UserF
Task ň,This is the description for Task ň,True,2024-07-14T00:00:00+00:00,2023-08-19T16:00:00+00:00,UserG
Task ŉ,This is the description for Task ŉ,False,2024-07-15T00:00:00+00:00,2023-08-19T17:00:00+00:00,UserA
Task Ŋ,This is the description for Task Ŋ,True,2024-07-16T00:00:00+00:00,2023-08-19T18:00:00+00:00,UserB
Task ŋ,This is the description for Task ŋ,False,2024-07-17T00:00:00+00:00,2023-08-19T19:00:00+00:00,UserC
Task Ō,This is the description for Task Ō,True,2024-07-18T00:00:00+00:00,2023-08-19T20:00:00+00:00,UserD
Task ō,This is the description for Task ō,False,2024-07-19T00:00:00+00:00,2023-08-19T21:00:00+00:00,UserE
Task Ŏ,This is the description for Task Ŏ,True,2024-07-20T00:00:00+00:00,2023-08-19T22:00:00+00:00,UserF
Task ŏ,This is the description for Task ŏ,False,2024-07-21T00:00:00+00:00,2023-08-19T23:00:00+00:00,UserG
Task Ő,This is the description for Task Ő,True,2024-07-22T00:00:00+00:00,2023-08-20T00:00:00+00:00,UserA
Task ő,This is the description for Task ő,False,2024-07-23T00:00:00+00:00,2023-08-20T01:00:00+00:00,UserB
Task Œ,This is the description for Task Œ,True,2024-07-24T00:00:00+00:00,2023-08-20T02:00:00+00:00,UserC
Task œ,This is the description for Task œ,False,2024-07-25T00:00:00+00:00,2023-08-20T03:00:00+00:00,UserD
Task Ŕ,This is the description for Task Ŕ,True,2024-07-26T00:00:00+00:00,2023-08-20T04:00:00+00:00,UserE
Task ŕ,This is the description for Task ŕ,False,2024-07-27T00:00:00+00:00,2023-08-20T05:00:00+00:00,UserF
Task Ŗ,This is the description for Task Ŗ,True,2024-07-28T00:00:00+00:00,2023-08-20T06:00:00+00:00,UserG
Task ŗ,This is the description for Task ŗ,False,2024-07-29T00:00:00+00:00,2023-08-20T07:00:00+00:00,UserA
Task Ř,This is the description for Task Ř,True,2024-07-30T00:00:00+00:00,2023-08-20T08:00:00+00:00,UserB
Task ř,This is the description for Task ř,False,2024-07-31T00:00:00+00:00,2023-08-20T09:00:00+00:00,UserC
Task Ś,This is the description for Task Ś,True,2024-08-01T00:00:00+00:00,2023-08-20T10:00:00+00:00,UserD
Task ś,This is the description for Task ś,False,2024-08-02T00:00:00+00:00,2023-08-20T11:00:00+00:00,UserE
Task Ŝ,This is the description for Task Ŝ,True,2024-08-03T00:00:00+00:00,2023-08-20T12:00:00+00:00,UserF
Task ŝ,This is the description for Task ŝ,False,2024-08-04T00:00:00+00:00,2023-08-20T13:00:00+00:00,UserG
Task Ş,This is the description for Task Ş,True,2024-08-05T00:00:00+00:00,2023-08-20T14:00:00+00:00,UserA
Task ş,This is the description for Task ş,False,2024-08-06T00:00:00+00:00,2023-08-20T15:00:00+00:00,UserB
Task Š,This is the description for Task Š,True,2024-08-07T00:00:00+00:00,2023-08-20T16:00:00+00:00,UserC
Task š,This is the description for Task š,False,2024-08-08T00:00:00+00:00,2023-08-20T17:00:00+00:00,UserD
Task Ţ,This is the description for Task Ţ,True,2024-08-09T00:00:00+00:00,2023-08-20T18:00:00+00:00,UserE
Task ţ,This is the description for Task ţ,False,2024-08-10T00:00:00+00:00,2023-08-20T19:00:00+00:00,UserF
Task Ť,This is the description for Task Ť,True,2024-08-11T00:00:00+00:00,2023-08-20T20:00:00+00:00,UserG
Task ť,This is the description for Task ť,False,2024-08-12T00:00:00+00:00,2023-08-20T21:00:00+00:00,UserA
Task Ŧ,This is the description for Task Ŧ,True,2024-08-13T00:00:00+00:00,2023-08-20T22:00:00+00:00,UserB
Task ŧ,This is the description for Task ŧ,False,2024-08-14T00:00:00+00:00,2023-08-20T23:00:00+00:00,UserC
Task Ũ,This is the description for Task Ũ,True,2024-08-15T00:00:00+00:00,2023-08-21T00:00:00+00:00,UserD
Task ũ,This is the description for Task ũ,False,2024-08-16T00:00:00+00:00,2023-08-21T01:00:00+00:00,UserE
Task Ū,This is the description for Task Ū,True,2024-08-17T00:00:00+00:00,2023-08-21T02:00:00+00:00,UserF
Task ū,This is the description for Task ū,False,2024-08-18T00:00:00+00:00,2023-08-21T03:00:00+00:00,UserG
Task Ŭ,This is the description for Task Ŭ,True,2024-08-19T00:00:00+00:00,2023-08-21T04:00:00+00:00,UserA
Task ŭ,This is the description for Task ŭ,False,2024-08-20T00:00:00+00:00,2023-08-21T05:00:00+00:00,UserB
Task Ů,This is the description for Task Ů,True,2024-08-21T00:00:00+00:00,2023-08-21T06:00:00+00:00,UserC
Task ů,This is the description for Task ů,False,2024-08-22T00:00:00+00:00,2023-08-21T07:00:00+00:00,UserD
Task Ű,This is the description for Task Ű,True,2024-08-23T00:00:00+00:00,2023-08-21T08:00:00+00:00,UserE
Task ű,This is the description for Task ű,False,2024-08-24T00:00:00+00:00,2023-08-21T09:00:00+00:00,UserF
Task Ų,This is the description for Task Ų,True,2024-08-25T00:00:00+00:00,2023-08-21T10:00:00+00:00,UserG
Task ų,This is the description for Task ų,False,2024-08-26T00:00:00+00:00,2023-08-21T11:00:00+00:00,UserA
Task Ŵ,This is the description for Task Ŵ,True,2024-08-27T00:00:00+00:00,2023-08-21T12:00:00+00:00,UserB
Task ŵ,This is the description for Task ŵ,False,2024-08-28T00:00:00+00:00,2023-08-21T13:00:00+00:00,UserC
Task Ŷ,This is the description for Task Ŷ,True,2024-08-29T00:00:00+00:00,2023-08-21T14:00:00+00:00,UserD
Task ŷ,This is the description for Task ŷ,False,2024-08-30T00:00:00+00:00,2023-08-21T15:00:00+00:00,UserE
Task Ÿ,This is the description for Task Ÿ,True,2024-08-31T00:00:00+00:00,2023-08-21T16:00:00+00:00,UserF
Task Ź,This is the description for Task Ź,False,2024-09-01T00:00:00+00:00,2023-08-21T17:00:00+00:00,UserG
Task ź,This is the description for Task ź,True,2024-09-02T00:00:00+00:00,2023-08-21T18:00:00+00:00,UserA
Task Ż,This is the description for Task Ż,False,2024-09-03T00:00:00+00:00,2023-08-21T19:00:00+00:00,UserB
Task ż,This is the description for Task ż,True,2024-09-04T00:00:00+00:00,2023-08-21T20:00:00+00:00,UserC
Task Ž,This is the description for Task Ž,False,2024-09-05T00:00:00+00:00,2023-08-21T21:00:00+00:00,UserD
Task ž,This is the description for Task ž,True,2024-09-06T00:00:00+00:00,2023-08-21T22:00:00+00:00,UserE
Task ſ,This is the description for Task ſ,False,2024-09-07T00:00:00+00:00,2023-08-21T23:00:00+00:00,UserF
Task ƀ,This is the description for Task ƀ,True,2024-09-08T00:00:00+00:00,2023-08-22T00:00:00+00:00,UserG
Task Ɓ,This is the description for Task Ɓ,False,2024-09-09T00:00:00+00:00,2023-08-22T01:00:00+00:00,UserA
Task Ƃ,This is the description for Task Ƃ,True,2024-09-10T00:00:00+00:00,2023-08-22T02:00:00+00:00,UserB
Task ƃ,This is the description for Task ƃ,False,2024-09-11T00:00:00+00:00,2023-08-22T03:00:00+00:00,UserC
Task Ƅ,This is the description for Task Ƅ,True,2024-09-12T00:00:00+00:00,2023-08-22T04:00:00+00:00,UserD
Task ƅ,This is the description for Task ƅ,False,2024-09-13T00:00:00+00:00,2023-08-22T05:00:00+00:00,UserE
Task Ɔ,This is the description for Task Ɔ,True,2024-09-14T00:00:00+00:00,2023-08-22T06:00:00+00:00,UserF
Task Ƈ,This is the description for Task Ƈ,False,2024-09-15T00:00:00+00:00,2023-08-22T07:00:00+00:00,UserG
Task ƈ,This is the description for Task ƈ,True,2024-09-16T00:00:00+00:00,2023-08-22T08:00:00+00:00,UserA
Task Ɖ,This is the description for Task Ɖ,False,2024-09-17T00:00:00+00:00,2023-08-22T09:00:00+00:00,UserB
Task Ɗ,This is the description for Task Ɗ,True,2024-09-18T00:00:00+00:00,2023-08-22T10:00:00+00:00,UserC
Task Ƌ,This is the description for Task Ƌ,False,2024-09-19T00:00:00+00:00,2023-08-22T11:00:00+00:00,UserD
Task ƌ,This is the description for Task ƌ,True,2024-09-20T00:00:00+00:00,2023-08-22T12:00:00+00:00,UserE
Task ƍ,This is the description for Task ƍ,False,2024-09-21T00:00:00+00:00,2023-08-22T13:00:00+00:00,UserF
Task Ǝ,This is the description for Task Ǝ,True,2024-09-22T00:00:00+00:00,2023-08-22T14:00:00+00:00,UserG
Task Ə,This is the description for Task Ə,False,2024-09-23T00:00:00+00:00,2023-08-22T15:00:00+00:00,UserA
Task Ɛ,This is the description for Task Ɛ,True,2024-09-24T00:00:00+00:00,2023-08-22T16:00:00+00:00,UserB
Task A,This is the description for Task A,False,2023-09-10T00:00:00+00:00,2023-08-06T12:00:00+00:00,UserX
Task B,This is the description for Task B,True,2023-08-20T00:00:00+00:00,2023-08-06T13:00:00+00:00,UserY
Task C,This is the description for Task C,False,2023-09-05T00:00:00+00:00,2023-08-06T14:00:00+00:00,UserZ
Task D,This is the description for Task D,True,2023-08-25T00:00:00+00:00,2023-08-06T15:00:00+00:00,UserA
Task E,This is the description for Task E,False,2023-09-01T00:00:00+00:00,2023-08-06T16:00:00+00:00,UserB
Task F,This is the description for Task F,True,2023-08-15T00:00:00+00:00,2023-08-06T17:00:00+00:00,UserC
Task Patch,This is the description for Task NotPatch,False,2023-09-03T00:00:00+00:00,2023-08-06T18:00:00+00:00,UserD
Task H,This is the description for Task H,True,2023-08-22T00:00:00+00:00,2023-08-06T19:00:00+00:00,UserE
Task I,This is the description for Task I,False,2023-09-07T00:00:00+00:00,2023-08-06T20:00:00+00:00,UserF
Task J,This is the description for Task J,True,2023-08-18T00:00:00+00:00,2023-08-06T21:00:00+00:00,UserG
